insert into interests (interestName) values ('Travelling');
insert into interests (interestName) values ('Food');
insert into interests (interestName) values ('Partying');
insert into interests (interestName) values ('Reading');
insert into interests (interestName) values ('Beach');
insert into interests (interestName) values ('Painting');
insert into interests (interestName) values ('Blogging');
insert into interests (interestName) values ('Camping');
insert into interests (interestName) values ('Movies');
insert into interests (interestName) values ('Photography');
insert into interests (interestName) values ('Acrobatics');
insert into interests (interestName) values ('Baking');
insert into interests (interestName) values ('Board games');
insert into interests (interestName) values ('Cosplay');
insert into interests (interestName) values ('Filmmaking');
insert into interests (interestName) values ('Fashion');
insert into interests (interestName) values ('Sports');
insert into interests (interestName) values ('Knitting');
insert into interests (interestName) values ('Colouring');
insert into interests (interestName) values ('Programming');
insert into interests (interestName) values ('Coding');
insert into interests (interestName) values ('Cooking');
insert into interests (interestName) values ('Singing');
insert into interests (interestName) values ('Dancing');
insert into interests (interestName) values ('Video games');
insert into interests (interestName) values ('DIY');
insert into interests (interestName) values ('Ice skating');
insert into interests (interestName) values ('Karate');
insert into interests (interestName) values ('Tennis');
insert into interests (interestName) values ('Hurling');
insert into interests (interestName) values ('Cycling');
insert into interests (interestName) values ('Walking');
insert into interests (interestName) values ('History');
insert into interests (interestName) values ('Biology');
insert into interests (interestName) values ('Fencing');
insert into interests (interestName) values ('Meditation');
insert into interests (interestName) values ('Blogging');
insert into interests (interestName) values ('Beekeeping');
insert into interests (interestName) values ('Graphic Design');
insert into interests (interestName) values ('Vlogging');
insert into interests (interestName) values ('Playing music');
insert into interests (interestName) values ('Candle making');
insert into interests (interestName) values ('Zumba');
insert into interests (interestName) values ('Sewing');
insert into interests (interestName) values ('Mapping');
insert into interests (interestName) values ('Netflix');
insert into interests (interestName) values ('Orienteering');
insert into interests (interestName) values ('Up-cycling');
insert into interests (interestName) values ('Organising');
insert into interests (interestName) values ('Chess');
insert into interests (interestName) values ('Sudoku');
insert into interests (interestName) values ('Boxing');
insert into interests (interestName) values ('Archery');
insert into interests (interestName) values ('Racing');
insert into interests (interestName) values ('Gadgets');
insert into interests (interestName) values ('Technology');
insert into interests (interestName) values ('Hiking');
insert into interests (interestName) values ('Architecture');
insert into interests (interestName) values ('Beat boxing');
insert into interests (interestName) values ('Paragliding');
insert into interests (interestName) values ('Yoga');
insert into interests (interestName) values ('Pilates');
insert into interests (interestName) values ('Snorkeling');
insert into interests (interestName) values ('Massage');
insert into interests (interestName) values ('Wine tasting');
insert into interests (interestName) values ('Ballroom dancing');
insert into interests (interestName) values ('Star gazing');
insert into interests (interestName) values ('Picnicking');

insert into venues (venueName, mood, latitude, longitude) values ('Iveagh Gardens', 'Chill', 53.3353491, -6.2604937);
insert into venues (venueName, mood, latitude, longitude) values ('Phoenix Park', 'Chill', 53.3585521, -6.3242769);
insert into venues (venueName, mood, latitude, longitude) values ('Tea Garden', 'Chill', 53.346208, -6.266986);
insert into venues (venueName, mood, latitude, longitude) values ('Botanic Gardens', 'Chill', 53.372316, -6.268738);
insert into venues (venueName, mood, latitude, longitude) values ('Dollymount Strand', 'Chill', 53.3659789, -6.1742388);
insert into venues (venueName, mood, latitude, longitude) values ('Olesya''s Wine Bar', 'Chill', 53.342951, -6.263236);
insert into venues (venueName, mood, latitude, longitude) values ('Accents Coffee & Tea Lounge', 'Chill', 53.3412721,  -6.2648794);
insert into venues (venueName, mood, latitude, longitude) values ('Poolbeg Lighthouse', 'Chill', 53.3421076, -6.151368393647876);
insert into venues (venueName, mood, latitude, longitude) values ('Merrion Square Park', 'Chill', 53.339676350000005, -6.249173779740449);
insert into venues (venueName, mood, latitude, longitude) values ('Graphic Studio Gallery', 'Cultural', 53.344994, -6.262273);
insert into venues (venueName, mood, latitude, longitude) values ('Natural History Museum', 'Cultural', 53.339885, -6.253348);
insert into venues (venueName, mood, latitude, longitude) values ('National Photographic Archive', 'Cultural', 53.345184, -6.265382);
insert into venues (venueName, mood, latitude, longitude) values ('Irish Musuem of Modern Art', 'Cultural', 53.342917, -6.300048);
insert into venues (venueName, mood, latitude, longitude) values ('General Post Office', 'Cultural', 53.349349, -6.260721);
insert into venues (venueName, mood, latitude, longitude) values ('Christ Church Cathedral', 'Cultural', 53.343513, -6.27106);
insert into venues (venueName, mood, latitude, longitude) values ('EPIC Irish Emigration Museum', 'Cultural', 53.3482653, -6.2479785);
insert into venues (venueName, mood, latitude, longitude) values ('Kilmainham Gaol', 'Cultural', 53.34174585, -6.309578660652412);
insert into venues (venueName, mood, latitude, longitude) values ('Trinity College Dublin', 'Cultural', 53.34366745, -6.254444724511822);
insert into venues (venueName, mood, latitude, longitude) values ('Dublin Castle', 'Cultural', 53.343175099999996, -6.268434702874895);
insert into venues (venueName, mood, latitude, longitude) values ('Skyline Tour Croke Park', 'Adventurous', 53.360712, -6.251209);
insert into venues (venueName, mood, latitude, longitude) values ('St. Stephen''s Green', 'Adventurous', 53.338174, -6.259119);
insert into venues (venueName, mood, latitude, longitude) values ('The Chocolate Warehouse', 'Adventurous', 53.315336, -6.33297);
insert into venues (venueName, mood, latitude, longitude) values ('Vertigo Outdoor', 'Adventurous', 53.0107896, -6.108289);
insert into venues (venueName, mood, latitude, longitude) values ('Jumpzone', 'Adventurous', 53.280432, -6.216982);
insert into venues (venueName, mood, latitude, longitude) values ('Kylemore Karting', 'Adventurous', 53.343513, -6.27106);
insert into venues (venueName, mood, latitude, longitude) values ('Wakedock', 'Adventurous', 53.343514049999996, -6.234646711633417);
insert into venues (venueName, mood, latitude, longitude) values ('Rainforest Adventure Golf', 'Adventurous', 53.2858306, -6.2392629);
insert into venues (venueName, mood, latitude, longitude) values ('Science Gallery', 'Adventurous', 53.3441672, -6.2505382);
insert into venues (venueName, mood, latitude, longitude) values ('Sabor Brasil', 'Hungry', 53.334942, -6.265508);
insert into venues (venueName, mood, latitude, longitude) values ('Veda', 'Hungry', 53.2648502, -6.1517449);
insert into venues (venueName, mood, latitude, longitude) values ('The Vintage Kitchen', 'Hungry', 53.346208, -6.266986);
insert into venues (venueName, mood, latitude, longitude) values ('F.X. Buckley Steakhouse', 'Hungry', 53.346907, -6.255695);
insert into venues (venueName, mood, latitude, longitude) values ('I Monelli', 'Hungry', 53.3101681, -6.2714624);
insert into venues (venueName, mood, latitude, longitude) values ('Restaurant Patrick Guilbaud', 'Hungry', 53.338352, -6.252895);
insert into venues (venueName, mood, latitude, longitude) values ('Dollard & Co.', 'Hungry', 53.3452889, -6.2672109);
insert into venues (venueName, mood, latitude, longitude) values ('East Road', 'Hungry', 53.3563465, -6.2315507);
insert into venues (venueName, mood, latitude, longitude) values ('Dublin Pizza Company', 'Hungry', 53.3390019, -6.2658266);
insert into venues (venueName, mood, latitude, longitude) values ('Dtwo', 'Party', 53.33442540000001, -6.262742900000035);
insert into venues (venueName, mood, latitude, longitude) values ('Diceys', 'Party', 53.3325457, -6.263797000000068);
insert into venues (venueName, mood, latitude, longitude) values ('Coppers', 'Party', 53.3353775, -6.263598900000034);
insert into venues (venueName, mood, latitude, longitude) values ('Dandelions', 'Party', 53.33918569999999, -6.2613254000000325);
insert into venues (venueName, mood, latitude, longitude) values ('Twisted Pepper', 'Party', 53.3478286, -6.262294900000029);
insert into venues (venueName, mood, latitude, longitude) values ('The Workman''s Clubs', 'Party', 53.3453862, -6.2664774);
insert into venues (venueName, mood, latitude, longitude) values ('The George', 'Party', 53.3437938, -6.2646675);
insert into venues (venueName, mood, latitude, longitude) values ('Everleigh Garden', 'Party', 53.3351615, -6.2634856);
insert into venues (venueName, mood, latitude, longitude) values ('Opium', 'Party', 53.3367018, -6.2656562);

insert into venueInterestLink (venueName, interestName) values ('Iveagh Gardens', 'Knitting');
insert into venueInterestLink (venueName, interestName) values ('Iveagh Gardens', 'Orienteering');
insert into venueInterestLink (venueName, interestName) values ('Iveagh Gardens', 'Meditation');
insert into venueInterestLink (venueName, interestName) values ('Iveagh Gardens', 'Baking');
insert into venueInterestLink (venueName, interestName) values ('Iveagh Gardens', 'Programming');
insert into venueInterestLink (venueName, interestName) values ('Iveagh Gardens', 'Coding');
insert into venueInterestLink (venueName, interestName) values ('Iveagh Gardens', 'Candle making');
insert into venueInterestLink (venueName, interestName) values ('Iveagh Gardens', 'Yoga');
insert into venueInterestLink (venueName, interestName) values ('Iveagh Gardens', 'Cycling');
insert into venueInterestLink (venueName, interestName) values ('Iveagh Gardens', 'Wine tasting');
insert into venueInterestLink (venueName, interestName) values ('Iveagh Gardens', 'Movies');
insert into venueInterestLink (venueName, interestName) values ('Iveagh Gardens', 'Blogging');
insert into venueInterestLink (venueName, interestName) values ('Iveagh Gardens', 'Sewing');
insert into venueInterestLink (venueName, interestName) values ('Iveagh Gardens', 'Racing');
insert into venueInterestLink (venueName, interestName) values ('Iveagh Gardens', 'Reading');
insert into venueInterestLink (venueName, interestName) values ('Iveagh Gardens', 'Organising');
insert into venueInterestLink (venueName, interestName) values ('Iveagh Gardens', 'Karate');
insert into venueInterestLink (venueName, interestName) values ('Iveagh Gardens', 'Playing music');
insert into venueInterestLink (venueName, interestName) values ('Iveagh Gardens', 'Sudoku');
insert into venueInterestLink (venueName, interestName) values ('Iveagh Gardens', 'Paragliding');
insert into venueInterestLink (venueName, interestName) values ('Phoenix Park', 'Sudoku');
insert into venueInterestLink (venueName, interestName) values ('Phoenix Park', 'Partying');
insert into venueInterestLink (venueName, interestName) values ('Phoenix Park', 'Coding');
insert into venueInterestLink (venueName, interestName) values ('Phoenix Park', 'Sports');
insert into venueInterestLink (venueName, interestName) values ('Phoenix Park', 'Filmmaking');
insert into venueInterestLink (venueName, interestName) values ('Phoenix Park', 'Paragliding');
insert into venueInterestLink (venueName, interestName) values ('Phoenix Park', 'Zumba');
insert into venueInterestLink (venueName, interestName) values ('Phoenix Park', 'Food');
insert into venueInterestLink (venueName, interestName) values ('Phoenix Park', 'Programming');
insert into venueInterestLink (venueName, interestName) values ('Phoenix Park', 'Walking');
insert into venueInterestLink (venueName, interestName) values ('Phoenix Park', 'Cycling');
insert into venueInterestLink (venueName, interestName) values ('Phoenix Park', 'Organising');
insert into venueInterestLink (venueName, interestName) values ('Phoenix Park', 'Fashion');
insert into venueInterestLink (venueName, interestName) values ('Phoenix Park', 'Massage');
insert into venueInterestLink (venueName, interestName) values ('Phoenix Park', 'Video games');
insert into venueInterestLink (venueName, interestName) values ('Phoenix Park', 'Beach');
insert into venueInterestLink (venueName, interestName) values ('Phoenix Park', 'Beat boxing');
insert into venueInterestLink (venueName, interestName) values ('Phoenix Park', 'Meditation');
insert into venueInterestLink (venueName, interestName) values ('Phoenix Park', 'Chess');
insert into venueInterestLink (venueName, interestName) values ('Phoenix Park', 'Fencing');
insert into venueInterestLink (venueName, interestName) values ('Tea Garden', 'Filmmaking');
insert into venueInterestLink (venueName, interestName) values ('Tea Garden', 'Massage');
insert into venueInterestLink (venueName, interestName) values ('Tea Garden', 'Snorkeling');
insert into venueInterestLink (venueName, interestName) values ('Tea Garden', 'Board games');
insert into venueInterestLink (venueName, interestName) values ('Tea Garden', 'Racing');
insert into venueInterestLink (venueName, interestName) values ('Tea Garden', 'Acrobatics');
insert into venueInterestLink (venueName, interestName) values ('Tea Garden', 'History');
insert into venueInterestLink (venueName, interestName) values ('Tea Garden', 'Mapping');
insert into venueInterestLink (venueName, interestName) values ('Tea Garden', 'Organising');
insert into venueInterestLink (venueName, interestName) values ('Tea Garden', 'Zumba');
insert into venueInterestLink (venueName, interestName) values ('Tea Garden', 'Beat boxing');
insert into venueInterestLink (venueName, interestName) values ('Tea Garden', 'Wine tasting');
insert into venueInterestLink (venueName, interestName) values ('Tea Garden', 'Candle making');
insert into venueInterestLink (venueName, interestName) values ('Tea Garden', 'Walking');
insert into venueInterestLink (venueName, interestName) values ('Tea Garden', 'Sudoku');
insert into venueInterestLink (venueName, interestName) values ('Tea Garden', 'Paragliding');
insert into venueInterestLink (venueName, interestName) values ('Tea Garden', 'Movies');
insert into venueInterestLink (venueName, interestName) values ('Tea Garden', 'Playing music');
insert into venueInterestLink (venueName, interestName) values ('Tea Garden', 'Ice skating');
insert into venueInterestLink (venueName, interestName) values ('Tea Garden', 'Knitting');
insert into venueInterestLink (venueName, interestName) values ('Botanic Gardens', 'Archery');
insert into venueInterestLink (venueName, interestName) values ('Botanic Gardens', 'Photography');
insert into venueInterestLink (venueName, interestName) values ('Botanic Gardens', 'Massage');
insert into venueInterestLink (venueName, interestName) values ('Botanic Gardens', 'History');
insert into venueInterestLink (venueName, interestName) values ('Botanic Gardens', 'Snorkeling');
insert into venueInterestLink (venueName, interestName) values ('Botanic Gardens', 'Reading');
insert into venueInterestLink (venueName, interestName) values ('Botanic Gardens', 'Blogging');
insert into venueInterestLink (venueName, interestName) values ('Botanic Gardens', 'Partying');
insert into venueInterestLink (venueName, interestName) values ('Botanic Gardens', 'Movies');
insert into venueInterestLink (venueName, interestName) values ('Botanic Gardens', 'Candle making');
insert into venueInterestLink (venueName, interestName) values ('Botanic Gardens', 'Architecture');
insert into venueInterestLink (venueName, interestName) values ('Botanic Gardens', 'Tennis');
insert into venueInterestLink (venueName, interestName) values ('Botanic Gardens', 'Travelling');
insert into venueInterestLink (venueName, interestName) values ('Botanic Gardens', 'Boxing');
insert into venueInterestLink (venueName, interestName) values ('Botanic Gardens', 'Chess');
insert into venueInterestLink (venueName, interestName) values ('Botanic Gardens', 'Playing music');
insert into venueInterestLink (venueName, interestName) values ('Botanic Gardens', 'Board games');
insert into venueInterestLink (venueName, interestName) values ('Botanic Gardens', 'Knitting');
insert into venueInterestLink (venueName, interestName) values ('Botanic Gardens', 'Hurling');
insert into venueInterestLink (venueName, interestName) values ('Botanic Gardens', 'Netflix');
insert into venueInterestLink (venueName, interestName) values ('Dollymount Strand', 'Gadgets');
insert into venueInterestLink (venueName, interestName) values ('Dollymount Strand', 'Candle making');
insert into venueInterestLink (venueName, interestName) values ('Dollymount Strand', 'Hiking');
insert into venueInterestLink (venueName, interestName) values ('Dollymount Strand', 'Beat boxing');
insert into venueInterestLink (venueName, interestName) values ('Dollymount Strand', 'Paragliding');
insert into venueInterestLink (venueName, interestName) values ('Dollymount Strand', 'Chess');
insert into venueInterestLink (venueName, interestName) values ('Dollymount Strand', 'Reading');
insert into venueInterestLink (venueName, interestName) values ('Dollymount Strand', 'Karate');
insert into venueInterestLink (venueName, interestName) values ('Dollymount Strand', 'Photography');
insert into venueInterestLink (venueName, interestName) values ('Dollymount Strand', 'Knitting');
insert into venueInterestLink (venueName, interestName) values ('Dollymount Strand', 'Baking');
insert into venueInterestLink (venueName, interestName) values ('Dollymount Strand', 'Graphic Design');
insert into venueInterestLink (venueName, interestName) values ('Dollymount Strand', 'Food');
insert into venueInterestLink (venueName, interestName) values ('Dollymount Strand', 'Cycling');
insert into venueInterestLink (venueName, interestName) values ('Dollymount Strand', 'Racing');
insert into venueInterestLink (venueName, interestName) values ('Dollymount Strand', 'Sudoku');
insert into venueInterestLink (venueName, interestName) values ('Dollymount Strand', 'Filmmaking');
insert into venueInterestLink (venueName, interestName) values ('Dollymount Strand', 'Technology');
insert into venueInterestLink (venueName, interestName) values ('Dollymount Strand', 'History');
insert into venueInterestLink (venueName, interestName) values ('Dollymount Strand', 'Partying');
insert into venueInterestLink (venueName, interestName) values ('Olesya''s Wine Bar', 'Sewing');
insert into venueInterestLink (venueName, interestName) values ('Olesya''s Wine Bar', 'Pilates');
insert into venueInterestLink (venueName, interestName) values ('Olesya''s Wine Bar', 'Photography');
insert into venueInterestLink (venueName, interestName) values ('Olesya''s Wine Bar', 'Zumba');
insert into venueInterestLink (venueName, interestName) values ('Olesya''s Wine Bar', 'Mapping');
insert into venueInterestLink (venueName, interestName) values ('Olesya''s Wine Bar', 'Painting');
insert into venueInterestLink (venueName, interestName) values ('Olesya''s Wine Bar', 'Candle making');
insert into venueInterestLink (venueName, interestName) values ('Olesya''s Wine Bar', 'Gadgets');
insert into venueInterestLink (venueName, interestName) values ('Olesya''s Wine Bar', 'Archery');
insert into venueInterestLink (venueName, interestName) values ('Olesya''s Wine Bar', 'Tennis');
insert into venueInterestLink (venueName, interestName) values ('Olesya''s Wine Bar', 'Colouring');
insert into venueInterestLink (venueName, interestName) values ('Olesya''s Wine Bar', 'Massage');
insert into venueInterestLink (venueName, interestName) values ('Olesya''s Wine Bar', 'Video games');
insert into venueInterestLink (venueName, interestName) values ('Olesya''s Wine Bar', 'Travelling');
insert into venueInterestLink (venueName, interestName) values ('Olesya''s Wine Bar', 'Graphic Design');
insert into venueInterestLink (venueName, interestName) values ('Olesya''s Wine Bar', 'Cycling');
insert into venueInterestLink (venueName, interestName) values ('Olesya''s Wine Bar', 'Programming');
insert into venueInterestLink (venueName, interestName) values ('Olesya''s Wine Bar', 'Paragliding');
insert into venueInterestLink (venueName, interestName) values ('Olesya''s Wine Bar', 'Acrobatics');
insert into venueInterestLink (venueName, interestName) values ('Olesya''s Wine Bar', 'Coding');
insert into venueInterestLink (venueName, interestName) values ('Accents Coffee & Tea Lounge', 'Filmmaking');
insert into venueInterestLink (venueName, interestName) values ('Accents Coffee & Tea Lounge', 'Movies');
insert into venueInterestLink (venueName, interestName) values ('Accents Coffee & Tea Lounge', 'Hurling');
insert into venueInterestLink (venueName, interestName) values ('Accents Coffee & Tea Lounge', 'Vlogging');
insert into venueInterestLink (venueName, interestName) values ('Accents Coffee & Tea Lounge', 'Up-cycling');
insert into venueInterestLink (venueName, interestName) values ('Accents Coffee & Tea Lounge', 'Singing');
insert into venueInterestLink (venueName, interestName) values ('Accents Coffee & Tea Lounge', 'Beat boxing');
insert into venueInterestLink (venueName, interestName) values ('Accents Coffee & Tea Lounge', 'Paragliding');
insert into venueInterestLink (venueName, interestName) values ('Accents Coffee & Tea Lounge', 'Candle making');
insert into venueInterestLink (venueName, interestName) values ('Accents Coffee & Tea Lounge', 'Playing music');
insert into venueInterestLink (venueName, interestName) values ('Accents Coffee & Tea Lounge', 'Boxing');
insert into venueInterestLink (venueName, interestName) values ('Accents Coffee & Tea Lounge', 'Camping');
insert into venueInterestLink (venueName, interestName) values ('Accents Coffee & Tea Lounge', 'Video games');
insert into venueInterestLink (venueName, interestName) values ('Accents Coffee & Tea Lounge', 'Food');
insert into venueInterestLink (venueName, interestName) values ('Accents Coffee & Tea Lounge', 'Reading');
insert into venueInterestLink (venueName, interestName) values ('Accents Coffee & Tea Lounge', 'Coding');
insert into venueInterestLink (venueName, interestName) values ('Accents Coffee & Tea Lounge', 'Wine tasting');
insert into venueInterestLink (venueName, interestName) values ('Accents Coffee & Tea Lounge', 'Fencing');
insert into venueInterestLink (venueName, interestName) values ('Accents Coffee & Tea Lounge', 'Photography');
insert into venueInterestLink (venueName, interestName) values ('Accents Coffee & Tea Lounge', 'Partying');
insert into venueInterestLink (venueName, interestName) values ('Poolbeg Lighthouse', 'Blogging');
insert into venueInterestLink (venueName, interestName) values ('Poolbeg Lighthouse', 'Sewing');
insert into venueInterestLink (venueName, interestName) values ('Poolbeg Lighthouse', 'Organising');
insert into venueInterestLink (venueName, interestName) values ('Poolbeg Lighthouse', 'Gadgets');
insert into venueInterestLink (venueName, interestName) values ('Poolbeg Lighthouse', 'Programming');
insert into venueInterestLink (venueName, interestName) values ('Poolbeg Lighthouse', 'Colouring');
insert into venueInterestLink (venueName, interestName) values ('Poolbeg Lighthouse', 'Board games');
insert into venueInterestLink (venueName, interestName) values ('Poolbeg Lighthouse', 'Camping');
insert into venueInterestLink (venueName, interestName) values ('Poolbeg Lighthouse', 'Playing music');
insert into venueInterestLink (venueName, interestName) values ('Poolbeg Lighthouse', 'Architecture');
insert into venueInterestLink (venueName, interestName) values ('Poolbeg Lighthouse', 'Graphic Design');
insert into venueInterestLink (venueName, interestName) values ('Poolbeg Lighthouse', 'Travelling');
insert into venueInterestLink (venueName, interestName) values ('Poolbeg Lighthouse', 'Boxing');
insert into venueInterestLink (venueName, interestName) values ('Poolbeg Lighthouse', 'Cycling');
insert into venueInterestLink (venueName, interestName) values ('Poolbeg Lighthouse', 'Filmmaking');
insert into venueInterestLink (venueName, interestName) values ('Poolbeg Lighthouse', 'Knitting');
insert into venueInterestLink (venueName, interestName) values ('Poolbeg Lighthouse', 'Cooking');
insert into venueInterestLink (venueName, interestName) values ('Poolbeg Lighthouse', 'Chess');
insert into venueInterestLink (venueName, interestName) values ('Poolbeg Lighthouse', 'Baking');
insert into venueInterestLink (venueName, interestName) values ('Poolbeg Lighthouse', 'Hiking');
insert into venueInterestLink (venueName, interestName) values ('Merrion Square Park', 'Dancing');
insert into venueInterestLink (venueName, interestName) values ('Merrion Square Park', 'Playing music');
insert into venueInterestLink (venueName, interestName) values ('Merrion Square Park', 'Walking');
insert into venueInterestLink (venueName, interestName) values ('Merrion Square Park', 'Paragliding');
insert into venueInterestLink (venueName, interestName) values ('Merrion Square Park', 'Beach');
insert into venueInterestLink (venueName, interestName) values ('Merrion Square Park', 'Cooking');
insert into venueInterestLink (venueName, interestName) values ('Merrion Square Park', 'Cycling');
insert into venueInterestLink (venueName, interestName) values ('Merrion Square Park', 'Mapping');
insert into venueInterestLink (venueName, interestName) values ('Merrion Square Park', 'Acrobatics');
insert into venueInterestLink (venueName, interestName) values ('Merrion Square Park', 'Yoga');
insert into venueInterestLink (venueName, interestName) values ('Merrion Square Park', 'Zumba');
insert into venueInterestLink (venueName, interestName) values ('Merrion Square Park', 'Massage');
insert into venueInterestLink (venueName, interestName) values ('Merrion Square Park', 'Beekeeping');
insert into venueInterestLink (venueName, interestName) values ('Merrion Square Park', 'Coding');
insert into venueInterestLink (venueName, interestName) values ('Merrion Square Park', 'Up-cycling');
insert into venueInterestLink (venueName, interestName) values ('Merrion Square Park', 'Beat boxing');
insert into venueInterestLink (venueName, interestName) values ('Merrion Square Park', 'Camping');
insert into venueInterestLink (venueName, interestName) values ('Merrion Square Park', 'Architecture');
insert into venueInterestLink (venueName, interestName) values ('Merrion Square Park', 'Racing');
insert into venueInterestLink (venueName, interestName) values ('Merrion Square Park', 'Partying');
insert into venueInterestLink (venueName, interestName) values ('Graphic Studio Gallery', 'Architecture');
insert into venueInterestLink (venueName, interestName) values ('Graphic Studio Gallery', 'Programming');
insert into venueInterestLink (venueName, interestName) values ('Graphic Studio Gallery', 'Sudoku');
insert into venueInterestLink (venueName, interestName) values ('Graphic Studio Gallery', 'Walking');
insert into venueInterestLink (venueName, interestName) values ('Graphic Studio Gallery', 'Hiking');
insert into venueInterestLink (venueName, interestName) values ('Graphic Studio Gallery', 'Yoga');
insert into venueInterestLink (venueName, interestName) values ('Graphic Studio Gallery', 'Gadgets');
insert into venueInterestLink (venueName, interestName) values ('Graphic Studio Gallery', 'Reading');
insert into venueInterestLink (venueName, interestName) values ('Graphic Studio Gallery', 'Karate');
insert into venueInterestLink (venueName, interestName) values ('Graphic Studio Gallery', 'Dancing');
insert into venueInterestLink (venueName, interestName) values ('Graphic Studio Gallery', 'Paragliding');
insert into venueInterestLink (venueName, interestName) values ('Graphic Studio Gallery', 'Cycling');
insert into venueInterestLink (venueName, interestName) values ('Graphic Studio Gallery', 'Wine tasting');
insert into venueInterestLink (venueName, interestName) values ('Graphic Studio Gallery', 'Organising');
insert into venueInterestLink (venueName, interestName) values ('Graphic Studio Gallery', 'Beach');
insert into venueInterestLink (venueName, interestName) values ('Graphic Studio Gallery', 'Biology');
insert into venueInterestLink (venueName, interestName) values ('Graphic Studio Gallery', 'Hurling');
insert into venueInterestLink (venueName, interestName) values ('Graphic Studio Gallery', 'Snorkeling');
insert into venueInterestLink (venueName, interestName) values ('Graphic Studio Gallery', 'Meditation');
insert into venueInterestLink (venueName, interestName) values ('Graphic Studio Gallery', 'Coding');
insert into venueInterestLink (venueName, interestName) values ('Natural History Museum', 'Fencing');
insert into venueInterestLink (venueName, interestName) values ('Natural History Museum', 'Vlogging');
insert into venueInterestLink (venueName, interestName) values ('Natural History Museum', 'Baking');
insert into venueInterestLink (venueName, interestName) values ('Natural History Museum', 'Technology');
insert into venueInterestLink (venueName, interestName) values ('Natural History Museum', 'Reading');
insert into venueInterestLink (venueName, interestName) values ('Natural History Museum', 'Hiking');
insert into venueInterestLink (venueName, interestName) values ('Natural History Museum', 'Knitting');
insert into venueInterestLink (venueName, interestName) values ('Natural History Museum', 'Food');
insert into venueInterestLink (venueName, interestName) values ('Natural History Museum', 'Filmmaking');
insert into venueInterestLink (venueName, interestName) values ('Natural History Museum', 'Netflix');
insert into venueInterestLink (venueName, interestName) values ('Natural History Museum', 'Organising');
insert into venueInterestLink (venueName, interestName) values ('Natural History Museum', 'Architecture');
insert into venueInterestLink (venueName, interestName) values ('Natural History Museum', 'Video games');
insert into venueInterestLink (venueName, interestName) values ('Natural History Museum', 'Partying');
insert into venueInterestLink (venueName, interestName) values ('Natural History Museum', 'Archery');
insert into venueInterestLink (venueName, interestName) values ('Natural History Museum', 'Boxing');
insert into venueInterestLink (venueName, interestName) values ('Natural History Museum', 'Sports');
insert into venueInterestLink (venueName, interestName) values ('Natural History Museum', 'Gadgets');
insert into venueInterestLink (venueName, interestName) values ('Natural History Museum', 'Beat boxing');
insert into venueInterestLink (venueName, interestName) values ('Natural History Museum', 'Playing music');
insert into venueInterestLink (venueName, interestName) values ('National Photographic Archive', 'Ice skating');
insert into venueInterestLink (venueName, interestName) values ('National Photographic Archive', 'Fencing');
insert into venueInterestLink (venueName, interestName) values ('National Photographic Archive', 'Boxing');
insert into venueInterestLink (venueName, interestName) values ('National Photographic Archive', 'Graphic Design');
insert into venueInterestLink (venueName, interestName) values ('National Photographic Archive', 'Sudoku');
insert into venueInterestLink (venueName, interestName) values ('National Photographic Archive', 'Paragliding');
insert into venueInterestLink (venueName, interestName) values ('National Photographic Archive', 'Food');
insert into venueInterestLink (venueName, interestName) values ('National Photographic Archive', 'Acrobatics');
insert into venueInterestLink (venueName, interestName) values ('National Photographic Archive', 'Painting');
insert into venueInterestLink (venueName, interestName) values ('National Photographic Archive', 'Gadgets');
insert into venueInterestLink (venueName, interestName) values ('National Photographic Archive', 'Biology');
insert into venueInterestLink (venueName, interestName) values ('National Photographic Archive', 'Board games');
insert into venueInterestLink (venueName, interestName) values ('National Photographic Archive', 'Mapping');
insert into venueInterestLink (venueName, interestName) values ('National Photographic Archive', 'Sewing');
insert into venueInterestLink (venueName, interestName) values ('National Photographic Archive', 'Hurling');
insert into venueInterestLink (venueName, interestName) values ('National Photographic Archive', 'Sports');
insert into venueInterestLink (venueName, interestName) values ('National Photographic Archive', 'Hiking');
insert into venueInterestLink (venueName, interestName) values ('National Photographic Archive', 'Fashion');
insert into venueInterestLink (venueName, interestName) values ('National Photographic Archive', 'History');
insert into venueInterestLink (venueName, interestName) values ('National Photographic Archive', 'Tennis');
insert into venueInterestLink (venueName, interestName) values ('Irish Musuem of Modern Art', 'Sports');
insert into venueInterestLink (venueName, interestName) values ('Irish Musuem of Modern Art', 'Singing');
insert into venueInterestLink (venueName, interestName) values ('Irish Musuem of Modern Art', 'Candle making');
insert into venueInterestLink (venueName, interestName) values ('Irish Musuem of Modern Art', 'Fencing');
insert into venueInterestLink (venueName, interestName) values ('Irish Musuem of Modern Art', 'Massage');
insert into venueInterestLink (venueName, interestName) values ('Irish Musuem of Modern Art', 'Racing');
insert into venueInterestLink (venueName, interestName) values ('Irish Musuem of Modern Art', 'Organising');
insert into venueInterestLink (venueName, interestName) values ('Irish Musuem of Modern Art', 'Walking');
insert into venueInterestLink (venueName, interestName) values ('Irish Musuem of Modern Art', 'Dancing');
insert into venueInterestLink (venueName, interestName) values ('Irish Musuem of Modern Art', 'Yoga');
insert into venueInterestLink (venueName, interestName) values ('Irish Musuem of Modern Art', 'Paragliding');
insert into venueInterestLink (venueName, interestName) values ('Irish Musuem of Modern Art', 'Meditation');
insert into venueInterestLink (venueName, interestName) values ('Irish Musuem of Modern Art', 'Programming');
insert into venueInterestLink (venueName, interestName) values ('Irish Musuem of Modern Art', 'Blogging');
insert into venueInterestLink (venueName, interestName) values ('Irish Musuem of Modern Art', 'Up-cycling');
insert into venueInterestLink (venueName, interestName) values ('Irish Musuem of Modern Art', 'Cosplay');
insert into venueInterestLink (venueName, interestName) values ('Irish Musuem of Modern Art', 'Travelling');
insert into venueInterestLink (venueName, interestName) values ('Irish Musuem of Modern Art', 'Playing music');
insert into venueInterestLink (venueName, interestName) values ('Irish Musuem of Modern Art', 'Hurling');
insert into venueInterestLink (venueName, interestName) values ('Irish Musuem of Modern Art', 'Tennis');
insert into venueInterestLink (venueName, interestName) values ('General Post Office', 'Gadgets');
insert into venueInterestLink (venueName, interestName) values ('General Post Office', 'Sewing');
insert into venueInterestLink (venueName, interestName) values ('General Post Office', 'Playing music');
insert into venueInterestLink (venueName, interestName) values ('General Post Office', 'Candle making');
insert into venueInterestLink (venueName, interestName) values ('General Post Office', 'Travelling');
insert into venueInterestLink (venueName, interestName) values ('General Post Office', 'Cosplay');
insert into venueInterestLink (venueName, interestName) values ('General Post Office', 'Yoga');
insert into venueInterestLink (venueName, interestName) values ('General Post Office', 'Blogging');
insert into venueInterestLink (venueName, interestName) values ('General Post Office', 'Beekeeping');
insert into venueInterestLink (venueName, interestName) values ('General Post Office', 'Snorkeling');
insert into venueInterestLink (venueName, interestName) values ('General Post Office', 'Hurling');
insert into venueInterestLink (venueName, interestName) values ('General Post Office', 'Camping');
insert into venueInterestLink (venueName, interestName) values ('General Post Office', 'Filmmaking');
insert into venueInterestLink (venueName, interestName) values ('General Post Office', 'Massage');
insert into venueInterestLink (venueName, interestName) values ('General Post Office', 'History');
insert into venueInterestLink (venueName, interestName) values ('General Post Office', 'Movies');
insert into venueInterestLink (venueName, interestName) values ('General Post Office', 'DIY');
insert into venueInterestLink (venueName, interestName) values ('General Post Office', 'Cycling');
insert into venueInterestLink (venueName, interestName) values ('General Post Office', 'Chess');
insert into venueInterestLink (venueName, interestName) values ('General Post Office', 'Reading');
insert into venueInterestLink (venueName, interestName) values ('Christ Church Cathedral', 'Acrobatics');
insert into venueInterestLink (venueName, interestName) values ('Christ Church Cathedral', 'Meditation');
insert into venueInterestLink (venueName, interestName) values ('Christ Church Cathedral', 'Board games');
insert into venueInterestLink (venueName, interestName) values ('Christ Church Cathedral', 'Boxing');
insert into venueInterestLink (venueName, interestName) values ('Christ Church Cathedral', 'Wine tasting');
insert into venueInterestLink (venueName, interestName) values ('Christ Church Cathedral', 'Blogging');
insert into venueInterestLink (venueName, interestName) values ('Christ Church Cathedral', 'Gadgets');
insert into venueInterestLink (venueName, interestName) values ('Christ Church Cathedral', 'Architecture');
insert into venueInterestLink (venueName, interestName) values ('Christ Church Cathedral', 'Playing music');
insert into venueInterestLink (venueName, interestName) values ('Christ Church Cathedral', 'Partying');
insert into venueInterestLink (venueName, interestName) values ('Christ Church Cathedral', 'Netflix');
insert into venueInterestLink (venueName, interestName) values ('Christ Church Cathedral', 'Travelling');
insert into venueInterestLink (venueName, interestName) values ('Christ Church Cathedral', 'Chess');
insert into venueInterestLink (venueName, interestName) values ('Christ Church Cathedral', 'Singing');
insert into venueInterestLink (venueName, interestName) values ('Christ Church Cathedral', 'Colouring');
insert into venueInterestLink (venueName, interestName) values ('Christ Church Cathedral', 'Walking');
insert into venueInterestLink (venueName, interestName) values ('Christ Church Cathedral', 'DIY');
insert into venueInterestLink (venueName, interestName) values ('Christ Church Cathedral', 'Hiking');
insert into venueInterestLink (venueName, interestName) values ('Christ Church Cathedral', 'Cooking');
insert into venueInterestLink (venueName, interestName) values ('Christ Church Cathedral', 'Beekeeping');
insert into venueInterestLink (venueName, interestName) values ('EPIC Irish Emigration Museum', 'Snorkeling');
insert into venueInterestLink (venueName, interestName) values ('EPIC Irish Emigration Museum', 'Organising');
insert into venueInterestLink (venueName, interestName) values ('EPIC Irish Emigration Museum', 'Chess');
insert into venueInterestLink (venueName, interestName) values ('EPIC Irish Emigration Museum', 'Knitting');
insert into venueInterestLink (venueName, interestName) values ('EPIC Irish Emigration Museum', 'Singing');
insert into venueInterestLink (venueName, interestName) values ('EPIC Irish Emigration Museum', 'Movies');
insert into venueInterestLink (venueName, interestName) values ('EPIC Irish Emigration Museum', 'Fencing');
insert into venueInterestLink (venueName, interestName) values ('EPIC Irish Emigration Museum', 'Hurling');
insert into venueInterestLink (venueName, interestName) values ('EPIC Irish Emigration Museum', 'Acrobatics');
insert into venueInterestLink (venueName, interestName) values ('EPIC Irish Emigration Museum', 'Coding');
insert into venueInterestLink (venueName, interestName) values ('EPIC Irish Emigration Museum', 'Netflix');
insert into venueInterestLink (venueName, interestName) values ('EPIC Irish Emigration Museum', 'DIY');
insert into venueInterestLink (venueName, interestName) values ('EPIC Irish Emigration Museum', 'Walking');
insert into venueInterestLink (venueName, interestName) values ('EPIC Irish Emigration Museum', 'Food');
insert into venueInterestLink (venueName, interestName) values ('EPIC Irish Emigration Museum', 'Sewing');
insert into venueInterestLink (venueName, interestName) values ('EPIC Irish Emigration Museum', 'History');
insert into venueInterestLink (venueName, interestName) values ('EPIC Irish Emigration Museum', 'Yoga');
insert into venueInterestLink (venueName, interestName) values ('EPIC Irish Emigration Museum', 'Wine tasting');
insert into venueInterestLink (venueName, interestName) values ('EPIC Irish Emigration Museum', 'Gadgets');
insert into venueInterestLink (venueName, interestName) values ('EPIC Irish Emigration Museum', 'Colouring');
insert into venueInterestLink (venueName, interestName) values ('Kilmainham Gaol', 'Board games');
insert into venueInterestLink (venueName, interestName) values ('Kilmainham Gaol', 'Boxing');
insert into venueInterestLink (venueName, interestName) values ('Kilmainham Gaol', 'Hiking');
insert into venueInterestLink (venueName, interestName) values ('Kilmainham Gaol', 'Photography');
insert into venueInterestLink (venueName, interestName) values ('Kilmainham Gaol', 'Blogging');
insert into venueInterestLink (venueName, interestName) values ('Kilmainham Gaol', 'Tennis');
insert into venueInterestLink (venueName, interestName) values ('Kilmainham Gaol', 'Singing');
insert into venueInterestLink (venueName, interestName) values ('Kilmainham Gaol', 'Zumba');
insert into venueInterestLink (venueName, interestName) values ('Kilmainham Gaol', 'Beat boxing');
insert into venueInterestLink (venueName, interestName) values ('Kilmainham Gaol', 'Hurling');
insert into venueInterestLink (venueName, interestName) values ('Kilmainham Gaol', 'Baking');
insert into venueInterestLink (venueName, interestName) values ('Kilmainham Gaol', 'Travelling');
insert into venueInterestLink (venueName, interestName) values ('Kilmainham Gaol', 'Coding');
insert into venueInterestLink (venueName, interestName) values ('Kilmainham Gaol', 'Beach');
insert into venueInterestLink (venueName, interestName) values ('Kilmainham Gaol', 'Snorkeling');
insert into venueInterestLink (venueName, interestName) values ('Kilmainham Gaol', 'Knitting');
insert into venueInterestLink (venueName, interestName) values ('Kilmainham Gaol', 'Netflix');
insert into venueInterestLink (venueName, interestName) values ('Kilmainham Gaol', 'Meditation');
insert into venueInterestLink (venueName, interestName) values ('Kilmainham Gaol', 'Camping');
insert into venueInterestLink (venueName, interestName) values ('Kilmainham Gaol', 'Blogging');
insert into venueInterestLink (venueName, interestName) values ('Trinity College Dublin', 'Filmmaking');
insert into venueInterestLink (venueName, interestName) values ('Trinity College Dublin', 'Food');
insert into venueInterestLink (venueName, interestName) values ('Trinity College Dublin', 'Photography');
insert into venueInterestLink (venueName, interestName) values ('Trinity College Dublin', 'Technology');
insert into venueInterestLink (venueName, interestName) values ('Trinity College Dublin', 'Paragliding');
insert into venueInterestLink (venueName, interestName) values ('Trinity College Dublin', 'Hiking');
insert into venueInterestLink (venueName, interestName) values ('Trinity College Dublin', 'Playing music');
insert into venueInterestLink (venueName, interestName) values ('Trinity College Dublin', 'Candle making');
insert into venueInterestLink (venueName, interestName) values ('Trinity College Dublin', 'Knitting');
insert into venueInterestLink (venueName, interestName) values ('Trinity College Dublin', 'Beat boxing');
insert into venueInterestLink (venueName, interestName) values ('Trinity College Dublin', 'Hurling');
insert into venueInterestLink (venueName, interestName) values ('Trinity College Dublin', 'Netflix');
insert into venueInterestLink (venueName, interestName) values ('Trinity College Dublin', 'Sewing');
insert into venueInterestLink (venueName, interestName) values ('Trinity College Dublin', 'Tennis');
insert into venueInterestLink (venueName, interestName) values ('Trinity College Dublin', 'Snorkeling');
insert into venueInterestLink (venueName, interestName) values ('Trinity College Dublin', 'Programming');
insert into venueInterestLink (venueName, interestName) values ('Trinity College Dublin', 'Blogging');
insert into venueInterestLink (venueName, interestName) values ('Trinity College Dublin', 'Chess');
insert into venueInterestLink (venueName, interestName) values ('Trinity College Dublin', 'Cooking');
insert into venueInterestLink (venueName, interestName) values ('Trinity College Dublin', 'Archery');
insert into venueInterestLink (venueName, interestName) values ('Dublin Castle', 'Candle making');
insert into venueInterestLink (venueName, interestName) values ('Dublin Castle', 'Food');
insert into venueInterestLink (venueName, interestName) values ('Dublin Castle', 'Graphic Design');
insert into venueInterestLink (venueName, interestName) values ('Dublin Castle', 'Pilates');
insert into venueInterestLink (venueName, interestName) values ('Dublin Castle', 'Cooking');
insert into venueInterestLink (venueName, interestName) values ('Dublin Castle', 'Food');
insert into venueInterestLink (venueName, interestName) values ('Dublin Castle', 'Travelling');
insert into venueInterestLink (venueName, interestName) values ('Dublin Castle', 'DIY');
insert into venueInterestLink (venueName, interestName) values ('Dublin Castle', 'Programming');
insert into venueInterestLink (venueName, interestName) values ('Dublin Castle', 'Sports');
insert into venueInterestLink (venueName, interestName) values ('Dublin Castle', 'Up-cycling');
insert into venueInterestLink (venueName, interestName) values ('Dublin Castle', 'Movies');
insert into venueInterestLink (venueName, interestName) values ('Dublin Castle', 'History');
insert into venueInterestLink (venueName, interestName) values ('Dublin Castle', 'Orienteering');
insert into venueInterestLink (venueName, interestName) values ('Dublin Castle', 'Hiking');
insert into venueInterestLink (venueName, interestName) values ('Dublin Castle', 'Fashion');
insert into venueInterestLink (venueName, interestName) values ('Dublin Castle', 'Netflix');
insert into venueInterestLink (venueName, interestName) values ('Dublin Castle', 'Painting');
insert into venueInterestLink (venueName, interestName) values ('Dublin Castle', 'Coding');
insert into venueInterestLink (venueName, interestName) values ('Dublin Castle', 'Baking');
insert into venueInterestLink (venueName, interestName) values ('Skyline Tour Croke Park', 'Beat boxing');
insert into venueInterestLink (venueName, interestName) values ('Skyline Tour Croke Park', 'Beach');
insert into venueInterestLink (venueName, interestName) values ('Skyline Tour Croke Park', 'Yoga');
insert into venueInterestLink (venueName, interestName) values ('Skyline Tour Croke Park', 'Movies');
insert into venueInterestLink (venueName, interestName) values ('Skyline Tour Croke Park', 'Fencing');
insert into venueInterestLink (venueName, interestName) values ('Skyline Tour Croke Park', 'Board games');
insert into venueInterestLink (venueName, interestName) values ('Skyline Tour Croke Park', 'Painting');
insert into venueInterestLink (venueName, interestName) values ('Skyline Tour Croke Park', 'Beekeeping');
insert into venueInterestLink (venueName, interestName) values ('Skyline Tour Croke Park', 'Technology');
insert into venueInterestLink (venueName, interestName) values ('Skyline Tour Croke Park', 'Candle making');
insert into venueInterestLink (venueName, interestName) values ('Skyline Tour Croke Park', 'Zumba');
insert into venueInterestLink (venueName, interestName) values ('Skyline Tour Croke Park', 'Hurling');
insert into venueInterestLink (venueName, interestName) values ('Skyline Tour Croke Park', 'Graphic Design');
insert into venueInterestLink (venueName, interestName) values ('Skyline Tour Croke Park', 'Blogging');
insert into venueInterestLink (venueName, interestName) values ('Skyline Tour Croke Park', 'Sudoku');
insert into venueInterestLink (venueName, interestName) values ('Skyline Tour Croke Park', 'Sewing');
insert into venueInterestLink (venueName, interestName) values ('Skyline Tour Croke Park', 'Archery');
insert into venueInterestLink (venueName, interestName) values ('Skyline Tour Croke Park', 'Karate');
insert into venueInterestLink (venueName, interestName) values ('Skyline Tour Croke Park', 'DIY');
insert into venueInterestLink (venueName, interestName) values ('Skyline Tour Croke Park', 'Architecture');
insert into venueInterestLink (venueName, interestName) values ('St. Stephen''s Green', 'Meditation');
insert into venueInterestLink (venueName, interestName) values ('St. Stephen''s Green', 'Cosplay');
insert into venueInterestLink (venueName, interestName) values ('St. Stephen''s Green', 'Massage');
insert into venueInterestLink (venueName, interestName) values ('St. Stephen''s Green', 'Colouring');
insert into venueInterestLink (venueName, interestName) values ('St. Stephen''s Green', 'Zumba');
insert into venueInterestLink (venueName, interestName) values ('St. Stephen''s Green', 'Pilates');
insert into venueInterestLink (venueName, interestName) values ('St. Stephen''s Green', 'Hiking');
insert into venueInterestLink (venueName, interestName) values ('St. Stephen''s Green', 'Beach');
insert into venueInterestLink (venueName, interestName) values ('St. Stephen''s Green', 'Chess');
insert into venueInterestLink (venueName, interestName) values ('St. Stephen''s Green', 'Programming');
insert into venueInterestLink (venueName, interestName) values ('St. Stephen''s Green', 'Netflix');
insert into venueInterestLink (venueName, interestName) values ('St. Stephen''s Green', 'Beekeeping');
insert into venueInterestLink (venueName, interestName) values ('St. Stephen''s Green', 'Biology');
insert into venueInterestLink (venueName, interestName) values ('St. Stephen''s Green', 'Technology');
insert into venueInterestLink (venueName, interestName) values ('St. Stephen''s Green', 'Sewing');
insert into venueInterestLink (venueName, interestName) values ('St. Stephen''s Green', 'Graphic Design');
insert into venueInterestLink (venueName, interestName) values ('St. Stephen''s Green', 'Gadgets');
insert into venueInterestLink (venueName, interestName) values ('St. Stephen''s Green', 'Mapping');
insert into venueInterestLink (venueName, interestName) values ('St. Stephen''s Green', 'Architecture');
insert into venueInterestLink (venueName, interestName) values ('St. Stephen''s Green', 'Orienteering');
insert into venueInterestLink (venueName, interestName) values ('The Chocolate Warehouse', 'Movies');
insert into venueInterestLink (venueName, interestName) values ('The Chocolate Warehouse', 'History');
insert into venueInterestLink (venueName, interestName) values ('The Chocolate Warehouse', 'Paragliding');
insert into venueInterestLink (venueName, interestName) values ('The Chocolate Warehouse', 'Blogging');
insert into venueInterestLink (venueName, interestName) values ('The Chocolate Warehouse', 'Beekeeping');
insert into venueInterestLink (venueName, interestName) values ('The Chocolate Warehouse', 'Karate');
insert into venueInterestLink (venueName, interestName) values ('The Chocolate Warehouse', 'Beach');
insert into venueInterestLink (venueName, interestName) values ('The Chocolate Warehouse', 'Cosplay');
insert into venueInterestLink (venueName, interestName) values ('The Chocolate Warehouse', 'Beat boxing');
insert into venueInterestLink (venueName, interestName) values ('The Chocolate Warehouse', 'Acrobatics');
insert into venueInterestLink (venueName, interestName) values ('The Chocolate Warehouse', 'Graphic Design');
insert into venueInterestLink (venueName, interestName) values ('The Chocolate Warehouse', 'Blogging');
insert into venueInterestLink (venueName, interestName) values ('The Chocolate Warehouse', 'Chess');
insert into venueInterestLink (venueName, interestName) values ('The Chocolate Warehouse', 'Hiking');
insert into venueInterestLink (venueName, interestName) values ('The Chocolate Warehouse', 'Wine tasting');
insert into venueInterestLink (venueName, interestName) values ('The Chocolate Warehouse', 'Board games');
insert into venueInterestLink (venueName, interestName) values ('The Chocolate Warehouse', 'Hurling');
insert into venueInterestLink (venueName, interestName) values ('The Chocolate Warehouse', 'Architecture');
insert into venueInterestLink (venueName, interestName) values ('The Chocolate Warehouse', 'Playing music');
insert into venueInterestLink (venueName, interestName) values ('The Chocolate Warehouse', 'Colouring');
insert into venueInterestLink (venueName, interestName) values ('Vertigo Outdoor', 'Baking');
insert into venueInterestLink (venueName, interestName) values ('Vertigo Outdoor', 'Coding');
insert into venueInterestLink (venueName, interestName) values ('Vertigo Outdoor', 'Beekeeping');
insert into venueInterestLink (venueName, interestName) values ('Vertigo Outdoor', 'Blogging');
insert into venueInterestLink (venueName, interestName) values ('Vertigo Outdoor', 'Fencing');
insert into venueInterestLink (venueName, interestName) values ('Vertigo Outdoor', 'Mapping');
insert into venueInterestLink (venueName, interestName) values ('Vertigo Outdoor', 'Racing');
insert into venueInterestLink (venueName, interestName) values ('Vertigo Outdoor', 'Hurling');
insert into venueInterestLink (venueName, interestName) values ('Vertigo Outdoor', 'Cooking');
insert into venueInterestLink (venueName, interestName) values ('Vertigo Outdoor', 'Chess');
insert into venueInterestLink (venueName, interestName) values ('Vertigo Outdoor', 'Sudoku');
insert into venueInterestLink (venueName, interestName) values ('Vertigo Outdoor', 'Food');
insert into venueInterestLink (venueName, interestName) values ('Vertigo Outdoor', 'Cosplay');
insert into venueInterestLink (venueName, interestName) values ('Vertigo Outdoor', 'Cycling');
insert into venueInterestLink (venueName, interestName) values ('Vertigo Outdoor', 'Blogging');
insert into venueInterestLink (venueName, interestName) values ('Vertigo Outdoor', 'Programming');
insert into venueInterestLink (venueName, interestName) values ('Vertigo Outdoor', 'Playing music');
insert into venueInterestLink (venueName, interestName) values ('Vertigo Outdoor', 'Ice skating');
insert into venueInterestLink (venueName, interestName) values ('Vertigo Outdoor', 'Sewing');
insert into venueInterestLink (venueName, interestName) values ('Vertigo Outdoor', 'Zumba');
insert into venueInterestLink (venueName, interestName) values ('Jumpzone', 'Biology');
insert into venueInterestLink (venueName, interestName) values ('Jumpzone', 'Dancing');
insert into venueInterestLink (venueName, interestName) values ('Jumpzone', 'Technology');
insert into venueInterestLink (venueName, interestName) values ('Jumpzone', 'Playing music');
insert into venueInterestLink (venueName, interestName) values ('Jumpzone', 'Food');
insert into venueInterestLink (venueName, interestName) values ('Jumpzone', 'Sewing');
insert into venueInterestLink (venueName, interestName) values ('Jumpzone', 'Food');
insert into venueInterestLink (venueName, interestName) values ('Jumpzone', 'Beekeeping');
insert into venueInterestLink (venueName, interestName) values ('Jumpzone', 'Acrobatics');
insert into venueInterestLink (venueName, interestName) values ('Jumpzone', 'Walking');
insert into venueInterestLink (venueName, interestName) values ('Jumpzone', 'Travelling');
insert into venueInterestLink (venueName, interestName) values ('Jumpzone', 'Archery');
insert into venueInterestLink (venueName, interestName) values ('Jumpzone', 'Cycling');
insert into venueInterestLink (venueName, interestName) values ('Jumpzone', 'Camping');
insert into venueInterestLink (venueName, interestName) values ('Jumpzone', 'Snorkeling');
insert into venueInterestLink (venueName, interestName) values ('Jumpzone', 'DIY');
insert into venueInterestLink (venueName, interestName) values ('Jumpzone', 'Hurling');
insert into venueInterestLink (venueName, interestName) values ('Jumpzone', 'Knitting');
insert into venueInterestLink (venueName, interestName) values ('Jumpzone', 'Fashion');
insert into venueInterestLink (venueName, interestName) values ('Jumpzone', 'Orienteering');
insert into venueInterestLink (venueName, interestName) values ('Kylemore Karting', 'Archery');
insert into venueInterestLink (venueName, interestName) values ('Kylemore Karting', 'Camping');
insert into venueInterestLink (venueName, interestName) values ('Kylemore Karting', 'Architecture');
insert into venueInterestLink (venueName, interestName) values ('Kylemore Karting', 'Wine tasting');
insert into venueInterestLink (venueName, interestName) values ('Kylemore Karting', 'Gadgets');
insert into venueInterestLink (venueName, interestName) values ('Kylemore Karting', 'Pilates');
insert into venueInterestLink (venueName, interestName) values ('Kylemore Karting', 'Filmmaking');
insert into venueInterestLink (venueName, interestName) values ('Kylemore Karting', 'Netflix');
insert into venueInterestLink (venueName, interestName) values ('Kylemore Karting', 'History');
insert into venueInterestLink (venueName, interestName) values ('Kylemore Karting', 'Paragliding');
insert into venueInterestLink (venueName, interestName) values ('Kylemore Karting', 'Beach');
insert into venueInterestLink (venueName, interestName) values ('Kylemore Karting', 'Painting');
insert into venueInterestLink (venueName, interestName) values ('Kylemore Karting', 'Programming');
insert into venueInterestLink (venueName, interestName) values ('Kylemore Karting', 'Racing');
insert into venueInterestLink (venueName, interestName) values ('Kylemore Karting', 'Dancing');
insert into venueInterestLink (venueName, interestName) values ('Kylemore Karting', 'Fencing');
insert into venueInterestLink (venueName, interestName) values ('Kylemore Karting', 'Acrobatics');
insert into venueInterestLink (venueName, interestName) values ('Kylemore Karting', 'Yoga');
insert into venueInterestLink (venueName, interestName) values ('Kylemore Karting', 'Food');
insert into venueInterestLink (venueName, interestName) values ('Kylemore Karting', 'Colouring');
insert into venueInterestLink (venueName, interestName) values ('Wakedock', 'Racing');
insert into venueInterestLink (venueName, interestName) values ('Wakedock', 'Vlogging');
insert into venueInterestLink (venueName, interestName) values ('Wakedock', 'Beach');
insert into venueInterestLink (venueName, interestName) values ('Wakedock', 'Camping');
insert into venueInterestLink (venueName, interestName) values ('Wakedock', 'Board games');
insert into venueInterestLink (venueName, interestName) values ('Wakedock', 'Beat boxing');
insert into venueInterestLink (venueName, interestName) values ('Wakedock', 'Dancing');
insert into venueInterestLink (venueName, interestName) values ('Wakedock', 'Reading');
insert into venueInterestLink (venueName, interestName) values ('Wakedock', 'Yoga');
insert into venueInterestLink (venueName, interestName) values ('Wakedock', 'Chess');
insert into venueInterestLink (venueName, interestName) values ('Wakedock', 'Video games');
insert into venueInterestLink (venueName, interestName) values ('Wakedock', 'Knitting');
insert into venueInterestLink (venueName, interestName) values ('Wakedock', 'Biology');
insert into venueInterestLink (venueName, interestName) values ('Wakedock', 'Sports');
insert into venueInterestLink (venueName, interestName) values ('Wakedock', 'Karate');
insert into venueInterestLink (venueName, interestName) values ('Wakedock', 'Mapping');
insert into venueInterestLink (venueName, interestName) values ('Wakedock', 'Paragliding');
insert into venueInterestLink (venueName, interestName) values ('Wakedock', 'Singing');
insert into venueInterestLink (venueName, interestName) values ('Wakedock', 'Sewing');
insert into venueInterestLink (venueName, interestName) values ('Wakedock', 'Cosplay');
insert into venueInterestLink (venueName, interestName) values ('Rainforest Adventure Golf', 'Tennis');
insert into venueInterestLink (venueName, interestName) values ('Rainforest Adventure Golf', 'Sports');
insert into venueInterestLink (venueName, interestName) values ('Rainforest Adventure Golf', 'Knitting');
insert into venueInterestLink (venueName, interestName) values ('Rainforest Adventure Golf', 'Partying');
insert into venueInterestLink (venueName, interestName) values ('Rainforest Adventure Golf', 'Organising');
insert into venueInterestLink (venueName, interestName) values ('Rainforest Adventure Golf', 'Dancing');
insert into venueInterestLink (venueName, interestName) values ('Rainforest Adventure Golf', 'Board games');
insert into venueInterestLink (venueName, interestName) values ('Rainforest Adventure Golf', 'Ice skating');
insert into venueInterestLink (venueName, interestName) values ('Rainforest Adventure Golf', 'Archery');
insert into venueInterestLink (venueName, interestName) values ('Rainforest Adventure Golf', 'Technology');
insert into venueInterestLink (venueName, interestName) values ('Rainforest Adventure Golf', 'Painting');
insert into venueInterestLink (venueName, interestName) values ('Rainforest Adventure Golf', 'Camping');
insert into venueInterestLink (venueName, interestName) values ('Rainforest Adventure Golf', 'Beat boxing');
insert into venueInterestLink (venueName, interestName) values ('Rainforest Adventure Golf', 'Cycling');
insert into venueInterestLink (venueName, interestName) values ('Rainforest Adventure Golf', 'Video games');
insert into venueInterestLink (venueName, interestName) values ('Rainforest Adventure Golf', 'Orienteering');
insert into venueInterestLink (venueName, interestName) values ('Rainforest Adventure Golf', 'Fashion');
insert into venueInterestLink (venueName, interestName) values ('Rainforest Adventure Golf', 'Blogging');
insert into venueInterestLink (venueName, interestName) values ('Rainforest Adventure Golf', 'Colouring');
insert into venueInterestLink (venueName, interestName) values ('Rainforest Adventure Golf', 'Fencing');
insert into venueInterestLink (venueName, interestName) values ('Science Gallery', 'Fashion');
insert into venueInterestLink (venueName, interestName) values ('Science Gallery', 'Beat boxing');
insert into venueInterestLink (venueName, interestName) values ('Science Gallery', 'Orienteering');
insert into venueInterestLink (venueName, interestName) values ('Science Gallery', 'Sports');
insert into venueInterestLink (venueName, interestName) values ('Science Gallery', 'Racing');
insert into venueInterestLink (venueName, interestName) values ('Science Gallery', 'Fencing');
insert into venueInterestLink (venueName, interestName) values ('Science Gallery', 'Board games');
insert into venueInterestLink (venueName, interestName) values ('Science Gallery', 'Wine tasting');
insert into venueInterestLink (venueName, interestName) values ('Science Gallery', 'Mapping');
insert into venueInterestLink (venueName, interestName) values ('Science Gallery', 'Photography');
insert into venueInterestLink (venueName, interestName) values ('Science Gallery', 'Chess');
insert into venueInterestLink (venueName, interestName) values ('Science Gallery', 'Knitting');
insert into venueInterestLink (venueName, interestName) values ('Science Gallery', 'Camping');
insert into venueInterestLink (venueName, interestName) values ('Science Gallery', 'Travelling');
insert into venueInterestLink (venueName, interestName) values ('Science Gallery', 'Beekeeping');
insert into venueInterestLink (venueName, interestName) values ('Science Gallery', 'Partying');
insert into venueInterestLink (venueName, interestName) values ('Science Gallery', 'Movies');
insert into venueInterestLink (venueName, interestName) values ('Science Gallery', 'Painting');
insert into venueInterestLink (venueName, interestName) values ('Science Gallery', 'Beach');
insert into venueInterestLink (venueName, interestName) values ('Science Gallery', 'DIY');
insert into venueInterestLink (venueName, interestName) values ('Sabor Brasil', 'Partying');
insert into venueInterestLink (venueName, interestName) values ('Sabor Brasil', 'Reading');
insert into venueInterestLink (venueName, interestName) values ('Sabor Brasil', 'Biology');
insert into venueInterestLink (venueName, interestName) values ('Sabor Brasil', 'Blogging');
insert into venueInterestLink (venueName, interestName) values ('Sabor Brasil', 'Karate');
insert into venueInterestLink (venueName, interestName) values ('Sabor Brasil', 'Beekeeping');
insert into venueInterestLink (venueName, interestName) values ('Sabor Brasil', 'Acrobatics');
insert into venueInterestLink (venueName, interestName) values ('Sabor Brasil', 'Gadgets');
insert into venueInterestLink (venueName, interestName) values ('Sabor Brasil', 'Sewing');
insert into venueInterestLink (venueName, interestName) values ('Sabor Brasil', 'Mapping');
insert into venueInterestLink (venueName, interestName) values ('Sabor Brasil', 'Yoga');
insert into venueInterestLink (venueName, interestName) values ('Sabor Brasil', 'Chess');
insert into venueInterestLink (venueName, interestName) values ('Sabor Brasil', 'Cycling');
insert into venueInterestLink (venueName, interestName) values ('Sabor Brasil', 'Meditation');
insert into venueInterestLink (venueName, interestName) values ('Sabor Brasil', 'Hiking');
insert into venueInterestLink (venueName, interestName) values ('Sabor Brasil', 'Video games');
insert into venueInterestLink (venueName, interestName) values ('Sabor Brasil', 'Camping');
insert into venueInterestLink (venueName, interestName) values ('Sabor Brasil', 'Vlogging');
insert into venueInterestLink (venueName, interestName) values ('Sabor Brasil', 'Fencing');
insert into venueInterestLink (venueName, interestName) values ('Sabor Brasil', 'Filmmaking');
insert into venueInterestLink (venueName, interestName) values ('Veda', 'Knitting');
insert into venueInterestLink (venueName, interestName) values ('Veda', 'Racing');
insert into venueInterestLink (venueName, interestName) values ('Veda', 'Tennis');
insert into venueInterestLink (venueName, interestName) values ('Veda', 'Filmmaking');
insert into venueInterestLink (venueName, interestName) values ('Veda', 'Pilates');
insert into venueInterestLink (venueName, interestName) values ('Veda', 'DIY');
insert into venueInterestLink (venueName, interestName) values ('Veda', 'Colouring');
insert into venueInterestLink (venueName, interestName) values ('Veda', 'Board games');
insert into venueInterestLink (venueName, interestName) values ('Veda', 'Video games');
insert into venueInterestLink (venueName, interestName) values ('Veda', 'Mapping');
insert into venueInterestLink (venueName, interestName) values ('Veda', 'Partying');
insert into venueInterestLink (venueName, interestName) values ('Veda', 'Fencing');
insert into venueInterestLink (venueName, interestName) values ('Veda', 'Orienteering');
insert into venueInterestLink (venueName, interestName) values ('Veda', 'Massage');
insert into venueInterestLink (venueName, interestName) values ('Veda', 'Camping');
insert into venueInterestLink (venueName, interestName) values ('Veda', 'Beat boxing');
insert into venueInterestLink (venueName, interestName) values ('Veda', 'Organising');
insert into venueInterestLink (venueName, interestName) values ('Veda', 'Karate');
insert into venueInterestLink (venueName, interestName) values ('Veda', 'Acrobatics');
insert into venueInterestLink (venueName, interestName) values ('Veda', 'Beach');
insert into venueInterestLink (venueName, interestName) values ('The Vintage Kitchen', 'Paragliding');
insert into venueInterestLink (venueName, interestName) values ('The Vintage Kitchen', 'Cooking');
insert into venueInterestLink (venueName, interestName) values ('The Vintage Kitchen', 'Candle making');
insert into venueInterestLink (venueName, interestName) values ('The Vintage Kitchen', 'Architecture');
insert into venueInterestLink (venueName, interestName) values ('The Vintage Kitchen', 'Beach');
insert into venueInterestLink (venueName, interestName) values ('The Vintage Kitchen', 'Meditation');
insert into venueInterestLink (venueName, interestName) values ('The Vintage Kitchen', 'Sudoku');
insert into venueInterestLink (venueName, interestName) values ('The Vintage Kitchen', 'Partying');
insert into venueInterestLink (venueName, interestName) values ('The Vintage Kitchen', 'Hurling');
insert into venueInterestLink (venueName, interestName) values ('The Vintage Kitchen', 'Playing music');
insert into venueInterestLink (venueName, interestName) values ('The Vintage Kitchen', 'Massage');
insert into venueInterestLink (venueName, interestName) values ('The Vintage Kitchen', 'History');
insert into venueInterestLink (venueName, interestName) values ('The Vintage Kitchen', 'Snorkeling');
insert into venueInterestLink (venueName, interestName) values ('The Vintage Kitchen', 'Gadgets');
insert into venueInterestLink (venueName, interestName) values ('The Vintage Kitchen', 'Sports');
insert into venueInterestLink (venueName, interestName) values ('The Vintage Kitchen', 'Baking');
insert into venueInterestLink (venueName, interestName) values ('The Vintage Kitchen', 'Knitting');
insert into venueInterestLink (venueName, interestName) values ('The Vintage Kitchen', 'Yoga');
insert into venueInterestLink (venueName, interestName) values ('The Vintage Kitchen', 'Video games');
insert into venueInterestLink (venueName, interestName) values ('The Vintage Kitchen', 'Mapping');
insert into venueInterestLink (venueName, interestName) values ('F.X. Buckley Steakhouse', 'Archery');
insert into venueInterestLink (venueName, interestName) values ('F.X. Buckley Steakhouse', 'Wine tasting');
insert into venueInterestLink (venueName, interestName) values ('F.X. Buckley Steakhouse', 'Sports');
insert into venueInterestLink (venueName, interestName) values ('F.X. Buckley Steakhouse', 'Acrobatics');
insert into venueInterestLink (venueName, interestName) values ('F.X. Buckley Steakhouse', 'Meditation');
insert into venueInterestLink (venueName, interestName) values ('F.X. Buckley Steakhouse', 'Baking');
insert into venueInterestLink (venueName, interestName) values ('F.X. Buckley Steakhouse', 'Hiking');
insert into venueInterestLink (venueName, interestName) values ('F.X. Buckley Steakhouse', 'Camping');
insert into venueInterestLink (venueName, interestName) values ('F.X. Buckley Steakhouse', 'DIY');
insert into venueInterestLink (venueName, interestName) values ('F.X. Buckley Steakhouse', 'Paragliding');
insert into venueInterestLink (venueName, interestName) values ('F.X. Buckley Steakhouse', 'Gadgets');
insert into venueInterestLink (venueName, interestName) values ('F.X. Buckley Steakhouse', 'Board games');
insert into venueInterestLink (venueName, interestName) values ('F.X. Buckley Steakhouse', 'Programming');
insert into venueInterestLink (venueName, interestName) values ('F.X. Buckley Steakhouse', 'Beat boxing');
insert into venueInterestLink (venueName, interestName) values ('F.X. Buckley Steakhouse', 'Photography');
insert into venueInterestLink (venueName, interestName) values ('F.X. Buckley Steakhouse', 'Architecture');
insert into venueInterestLink (venueName, interestName) values ('F.X. Buckley Steakhouse', 'Food');
insert into venueInterestLink (venueName, interestName) values ('F.X. Buckley Steakhouse', 'Organising');
insert into venueInterestLink (venueName, interestName) values ('F.X. Buckley Steakhouse', 'History');
insert into venueInterestLink (venueName, interestName) values ('F.X. Buckley Steakhouse', 'Graphic Design');
insert into venueInterestLink (venueName, interestName) values ('I Monelli', 'Filmmaking');
insert into venueInterestLink (venueName, interestName) values ('I Monelli', 'Snorkeling');
insert into venueInterestLink (venueName, interestName) values ('I Monelli', 'Travelling');
insert into venueInterestLink (venueName, interestName) values ('I Monelli', 'Orienteering');
insert into venueInterestLink (venueName, interestName) values ('I Monelli', 'Boxing');
insert into venueInterestLink (venueName, interestName) values ('I Monelli', 'Fencing');
insert into venueInterestLink (venueName, interestName) values ('I Monelli', 'Beach');
insert into venueInterestLink (venueName, interestName) values ('I Monelli', 'Up-cycling');
insert into venueInterestLink (venueName, interestName) values ('I Monelli', 'Walking');
insert into venueInterestLink (venueName, interestName) values ('I Monelli', 'Colouring');
insert into venueInterestLink (venueName, interestName) values ('I Monelli', 'Vlogging');
insert into venueInterestLink (venueName, interestName) values ('I Monelli', 'DIY');
insert into venueInterestLink (venueName, interestName) values ('I Monelli', 'Photography');
insert into venueInterestLink (venueName, interestName) values ('I Monelli', 'Technology');
insert into venueInterestLink (venueName, interestName) values ('I Monelli', 'Racing');
insert into venueInterestLink (venueName, interestName) values ('I Monelli', 'Hiking');
insert into venueInterestLink (venueName, interestName) values ('I Monelli', 'Knitting');
insert into venueInterestLink (venueName, interestName) values ('I Monelli', 'Coding');
insert into venueInterestLink (venueName, interestName) values ('I Monelli', 'Pilates');
insert into venueInterestLink (venueName, interestName) values ('I Monelli', 'Tennis');
insert into venueInterestLink (venueName, interestName) values ('Restaurant Patrick Guilbaud', 'Ice skating');
insert into venueInterestLink (venueName, interestName) values ('Restaurant Patrick Guilbaud', 'Candle making');
insert into venueInterestLink (venueName, interestName) values ('Restaurant Patrick Guilbaud', 'Chess');
insert into venueInterestLink (venueName, interestName) values ('Restaurant Patrick Guilbaud', 'Sudoku');
insert into venueInterestLink (venueName, interestName) values ('Restaurant Patrick Guilbaud', 'Colouring');
insert into venueInterestLink (venueName, interestName) values ('Restaurant Patrick Guilbaud', 'Zumba');
insert into venueInterestLink (venueName, interestName) values ('Restaurant Patrick Guilbaud', 'Meditation');
insert into venueInterestLink (venueName, interestName) values ('Restaurant Patrick Guilbaud', 'Singing');
insert into venueInterestLink (venueName, interestName) values ('Restaurant Patrick Guilbaud', 'Mapping');
insert into venueInterestLink (venueName, interestName) values ('Restaurant Patrick Guilbaud', 'Fencing');
insert into venueInterestLink (venueName, interestName) values ('Restaurant Patrick Guilbaud', 'Sewing');
insert into venueInterestLink (venueName, interestName) values ('Restaurant Patrick Guilbaud', 'Vlogging');
insert into venueInterestLink (venueName, interestName) values ('Restaurant Patrick Guilbaud', 'Beekeeping');
insert into venueInterestLink (venueName, interestName) values ('Restaurant Patrick Guilbaud', 'Video games');
insert into venueInterestLink (venueName, interestName) values ('Restaurant Patrick Guilbaud', 'Reading');
insert into venueInterestLink (venueName, interestName) values ('Restaurant Patrick Guilbaud', 'Cooking');
insert into venueInterestLink (venueName, interestName) values ('Restaurant Patrick Guilbaud', 'Dancing');
insert into venueInterestLink (venueName, interestName) values ('Restaurant Patrick Guilbaud', 'Racing');
insert into venueInterestLink (venueName, interestName) values ('Restaurant Patrick Guilbaud', 'Camping');
insert into venueInterestLink (venueName, interestName) values ('Restaurant Patrick Guilbaud', 'Filmmaking');
insert into venueInterestLink (venueName, interestName) values ('Dollard & Co.', 'Singing');
insert into venueInterestLink (venueName, interestName) values ('Dollard & Co.', 'Travelling');
insert into venueInterestLink (venueName, interestName) values ('Dollard & Co.', 'History');
insert into venueInterestLink (venueName, interestName) values ('Dollard & Co.', 'Graphic Design');
insert into venueInterestLink (venueName, interestName) values ('Dollard & Co.', 'Technology');
insert into venueInterestLink (venueName, interestName) values ('Dollard & Co.', 'Up-cycling');
insert into venueInterestLink (venueName, interestName) values ('Dollard & Co.', 'Acrobatics');
insert into venueInterestLink (venueName, interestName) values ('Dollard & Co.', 'Camping');
insert into venueInterestLink (venueName, interestName) values ('Dollard & Co.', 'Blogging');
insert into venueInterestLink (venueName, interestName) values ('Dollard & Co.', 'Baking');
insert into venueInterestLink (venueName, interestName) values ('Dollard & Co.', 'Meditation');
insert into venueInterestLink (venueName, interestName) values ('Dollard & Co.', 'Sewing');
insert into venueInterestLink (venueName, interestName) values ('Dollard & Co.', 'Boxing');
insert into venueInterestLink (venueName, interestName) values ('Dollard & Co.', 'Photography');
insert into venueInterestLink (venueName, interestName) values ('Dollard & Co.', 'Sudoku');
insert into venueInterestLink (venueName, interestName) values ('Dollard & Co.', 'Colouring');
insert into venueInterestLink (venueName, interestName) values ('Dollard & Co.', 'Playing music');
insert into venueInterestLink (venueName, interestName) values ('Dollard & Co.', 'Chess');
insert into venueInterestLink (venueName, interestName) values ('Dollard & Co.', 'Karate');
insert into venueInterestLink (venueName, interestName) values ('Dollard & Co.', 'Partying');
insert into venueInterestLink (venueName, interestName) values ('East Road', 'Cycling');
insert into venueInterestLink (venueName, interestName) values ('East Road', 'Boxing');
insert into venueInterestLink (venueName, interestName) values ('East Road', 'Sudoku');
insert into venueInterestLink (venueName, interestName) values ('East Road', 'Food');
insert into venueInterestLink (venueName, interestName) values ('East Road', 'Partying');
insert into venueInterestLink (venueName, interestName) values ('East Road', 'Knitting');
insert into venueInterestLink (venueName, interestName) values ('East Road', 'Organising');
insert into venueInterestLink (venueName, interestName) values ('East Road', 'DIY');
insert into venueInterestLink (venueName, interestName) values ('East Road', 'Photography');
insert into venueInterestLink (venueName, interestName) values ('East Road', 'Hiking');
insert into venueInterestLink (venueName, interestName) values ('East Road', 'Gadgets');
insert into venueInterestLink (venueName, interestName) values ('East Road', 'Programming');
insert into venueInterestLink (venueName, interestName) values ('East Road', 'Filmmaking');
insert into venueInterestLink (venueName, interestName) values ('East Road', 'Beach');
insert into venueInterestLink (venueName, interestName) values ('East Road', 'Archery');
insert into venueInterestLink (venueName, interestName) values ('East Road', 'Snorkeling');
insert into venueInterestLink (venueName, interestName) values ('East Road', 'Karate');
insert into venueInterestLink (venueName, interestName) values ('East Road', 'Meditation');
insert into venueInterestLink (venueName, interestName) values ('East Road', 'Cooking');
insert into venueInterestLink (venueName, interestName) values ('East Road', 'Paragliding');
insert into venueInterestLink (venueName, interestName) values ('Dublin Pizza Company', 'Sewing');
insert into venueInterestLink (venueName, interestName) values ('Dublin Pizza Company', 'Dancing');
insert into venueInterestLink (venueName, interestName) values ('Dublin Pizza Company', 'Wine tasting');
insert into venueInterestLink (venueName, interestName) values ('Dublin Pizza Company', 'Graphic Design');
insert into venueInterestLink (venueName, interestName) values ('Dublin Pizza Company', 'Yoga');
insert into venueInterestLink (venueName, interestName) values ('Dublin Pizza Company', 'DIY');
insert into venueInterestLink (venueName, interestName) values ('Dublin Pizza Company', 'Beach');
insert into venueInterestLink (venueName, interestName) values ('Dublin Pizza Company', 'Up-cycling');
insert into venueInterestLink (venueName, interestName) values ('Dublin Pizza Company', 'Cosplay');
insert into venueInterestLink (venueName, interestName) values ('Dublin Pizza Company', 'Mapping');
insert into venueInterestLink (venueName, interestName) values ('Dublin Pizza Company', 'Architecture');
insert into venueInterestLink (venueName, interestName) values ('Dublin Pizza Company', 'Boxing');
insert into venueInterestLink (venueName, interestName) values ('Dublin Pizza Company', 'Chess');
insert into venueInterestLink (venueName, interestName) values ('Dublin Pizza Company', 'Video games');
insert into venueInterestLink (venueName, interestName) values ('Dublin Pizza Company', 'Pilates');
insert into venueInterestLink (venueName, interestName) values ('Dublin Pizza Company', 'Cooking');
insert into venueInterestLink (venueName, interestName) values ('Dublin Pizza Company', 'Beekeeping');
insert into venueInterestLink (venueName, interestName) values ('Dublin Pizza Company', 'Programming');
insert into venueInterestLink (venueName, interestName) values ('Dublin Pizza Company', 'Filmmaking');
insert into venueInterestLink (venueName, interestName) values ('Dublin Pizza Company', 'Baking');
insert into venueInterestLink (venueName, interestName) values ('Dtwo', 'Hurling');
insert into venueInterestLink (venueName, interestName) values ('Dtwo', 'Sudoku');
insert into venueInterestLink (venueName, interestName) values ('Dtwo', 'Beekeeping');
insert into venueInterestLink (venueName, interestName) values ('Dtwo', 'Singing');
insert into venueInterestLink (venueName, interestName) values ('Dtwo', 'Acrobatics');
insert into venueInterestLink (venueName, interestName) values ('Dtwo', 'Camping');
insert into venueInterestLink (venueName, interestName) values ('Dtwo', 'Playing music');
insert into venueInterestLink (venueName, interestName) values ('Dtwo', 'Cycling');
insert into venueInterestLink (venueName, interestName) values ('Dtwo', 'Massage');
insert into venueInterestLink (venueName, interestName) values ('Dtwo', 'Sewing');
insert into venueInterestLink (venueName, interestName) values ('Dtwo', 'Candle making');
insert into venueInterestLink (venueName, interestName) values ('Dtwo', 'Colouring');
insert into venueInterestLink (venueName, interestName) values ('Dtwo', 'Walking');
insert into venueInterestLink (venueName, interestName) values ('Dtwo', 'Baking');
insert into venueInterestLink (venueName, interestName) values ('Dtwo', 'Gadgets');
insert into venueInterestLink (venueName, interestName) values ('Dtwo', 'Graphic Design');
insert into venueInterestLink (venueName, interestName) values ('Dtwo', 'Vlogging');
insert into venueInterestLink (venueName, interestName) values ('Dtwo', 'Beat boxing');
insert into venueInterestLink (venueName, interestName) values ('Dtwo', 'Travelling');
insert into venueInterestLink (venueName, interestName) values ('Dtwo', 'Biology');
insert into venueInterestLink (venueName, interestName) values ('Diceys', 'Pilates');
insert into venueInterestLink (venueName, interestName) values ('Diceys', 'Orienteering');
insert into venueInterestLink (venueName, interestName) values ('Diceys', 'Organising');
insert into venueInterestLink (venueName, interestName) values ('Diceys', 'Colouring');
insert into venueInterestLink (venueName, interestName) values ('Diceys', 'Filmmaking');
insert into venueInterestLink (venueName, interestName) values ('Diceys', 'Snorkeling');
insert into venueInterestLink (venueName, interestName) values ('Diceys', 'Biology');
insert into venueInterestLink (venueName, interestName) values ('Diceys', 'Beat boxing');
insert into venueInterestLink (venueName, interestName) values ('Diceys', 'Travelling');
insert into venueInterestLink (venueName, interestName) values ('Diceys', 'Movies');
insert into venueInterestLink (venueName, interestName) values ('Diceys', 'Graphic Design');
insert into venueInterestLink (venueName, interestName) values ('Diceys', 'Mapping');
insert into venueInterestLink (venueName, interestName) values ('Diceys', 'Painting');
insert into venueInterestLink (venueName, interestName) values ('Diceys', 'Netflix');
insert into venueInterestLink (venueName, interestName) values ('Diceys', 'Massage');
insert into venueInterestLink (venueName, interestName) values ('Diceys', 'Yoga');
insert into venueInterestLink (venueName, interestName) values ('Diceys', 'Acrobatics');
insert into venueInterestLink (venueName, interestName) values ('Diceys', 'Cosplay');
insert into venueInterestLink (venueName, interestName) values ('Diceys', 'Gadgets');
insert into venueInterestLink (venueName, interestName) values ('Diceys', 'Hiking');
insert into venueInterestLink (venueName, interestName) values ('Coppers', 'Dancing');
insert into venueInterestLink (venueName, interestName) values ('Coppers', 'Reading');
insert into venueInterestLink (venueName, interestName) values ('Coppers', 'Board games');
insert into venueInterestLink (venueName, interestName) values ('Coppers', 'Food');
insert into venueInterestLink (venueName, interestName) values ('Coppers', 'Photography');
insert into venueInterestLink (venueName, interestName) values ('Coppers', 'Karate');
insert into venueInterestLink (venueName, interestName) values ('Coppers', 'Pilates');
insert into venueInterestLink (venueName, interestName) values ('Coppers', 'Boxing');
insert into venueInterestLink (venueName, interestName) values ('Coppers', 'Cycling');
insert into venueInterestLink (venueName, interestName) values ('Coppers', 'Movies');
insert into venueInterestLink (venueName, interestName) values ('Coppers', 'Massage');
insert into venueInterestLink (venueName, interestName) values ('Coppers', 'Blogging');
insert into venueInterestLink (venueName, interestName) values ('Coppers', 'Singing');
insert into venueInterestLink (venueName, interestName) values ('Coppers', 'Blogging');
insert into venueInterestLink (venueName, interestName) values ('Coppers', 'Sudoku');
insert into venueInterestLink (venueName, interestName) values ('Coppers', 'Partying');
insert into venueInterestLink (venueName, interestName) values ('Coppers', 'Cosplay');
insert into venueInterestLink (venueName, interestName) values ('Coppers', 'Travelling');
insert into venueInterestLink (venueName, interestName) values ('Coppers', 'DIY');
insert into venueInterestLink (venueName, interestName) values ('Coppers', 'Filmmaking');
insert into venueInterestLink (venueName, interestName) values ('Dandelions', 'Coding');
insert into venueInterestLink (venueName, interestName) values ('Dandelions', 'Candle making');
insert into venueInterestLink (venueName, interestName) values ('Dandelions', 'Painting');
insert into venueInterestLink (venueName, interestName) values ('Dandelions', 'Chess');
insert into venueInterestLink (venueName, interestName) values ('Dandelions', 'Cosplay');
insert into venueInterestLink (venueName, interestName) values ('Dandelions', 'Fashion');
insert into venueInterestLink (venueName, interestName) values ('Dandelions', 'Graphic Design');
insert into venueInterestLink (venueName, interestName) values ('Dandelions', 'Pilates');
insert into venueInterestLink (venueName, interestName) values ('Dandelions', 'Food');
insert into venueInterestLink (venueName, interestName) values ('Dandelions', 'Camping');
insert into venueInterestLink (venueName, interestName) values ('Dandelions', 'Blogging');
insert into venueInterestLink (venueName, interestName) values ('Dandelions', 'Dancing');
insert into venueInterestLink (venueName, interestName) values ('Dandelions', 'Movies');
insert into venueInterestLink (venueName, interestName) values ('Dandelions', 'Organising');
insert into venueInterestLink (venueName, interestName) values ('Dandelions', 'Playing music');
insert into venueInterestLink (venueName, interestName) values ('Dandelions', 'Blogging');
insert into venueInterestLink (venueName, interestName) values ('Dandelions', 'Biology');
insert into venueInterestLink (venueName, interestName) values ('Dandelions', 'Food');
insert into venueInterestLink (venueName, interestName) values ('Dandelions', 'Travelling');
insert into venueInterestLink (venueName, interestName) values ('Dandelions', 'Karate');
insert into venueInterestLink (venueName, interestName) values ('Twisted Pepper', 'Cooking');
insert into venueInterestLink (venueName, interestName) values ('Twisted Pepper', 'Vlogging');
insert into venueInterestLink (venueName, interestName) values ('Twisted Pepper', 'Gadgets');
insert into venueInterestLink (venueName, interestName) values ('Twisted Pepper', 'Mapping');
insert into venueInterestLink (venueName, interestName) values ('Twisted Pepper', 'Hurling');
insert into venueInterestLink (venueName, interestName) values ('Twisted Pepper', 'Camping');
insert into venueInterestLink (venueName, interestName) values ('Twisted Pepper', 'Dancing');
insert into venueInterestLink (venueName, interestName) values ('Twisted Pepper', 'Wine tasting');
insert into venueInterestLink (venueName, interestName) values ('Twisted Pepper', 'Technology');
insert into venueInterestLink (venueName, interestName) values ('Twisted Pepper', 'Archery');
insert into venueInterestLink (venueName, interestName) values ('Twisted Pepper', 'Snorkeling');
insert into venueInterestLink (venueName, interestName) values ('Twisted Pepper', 'Programming');
insert into venueInterestLink (venueName, interestName) values ('Twisted Pepper', 'Orienteering');
insert into venueInterestLink (venueName, interestName) values ('Twisted Pepper', 'Fashion');
insert into venueInterestLink (venueName, interestName) values ('Twisted Pepper', 'DIY');
insert into venueInterestLink (venueName, interestName) values ('Twisted Pepper', 'Playing music');
insert into venueInterestLink (venueName, interestName) values ('Twisted Pepper', 'Beekeeping');
insert into venueInterestLink (venueName, interestName) values ('Twisted Pepper', 'Ice skating');
insert into venueInterestLink (venueName, interestName) values ('Twisted Pepper', 'Architecture');
insert into venueInterestLink (venueName, interestName) values ('Twisted Pepper', 'Blogging');
insert into venueInterestLink (venueName, interestName) values ('The Workman''s Clubs', 'Walking');
insert into venueInterestLink (venueName, interestName) values ('The Workman''s Clubs', 'Racing');
insert into venueInterestLink (venueName, interestName) values ('The Workman''s Clubs', 'Travelling');
insert into venueInterestLink (venueName, interestName) values ('The Workman''s Clubs', 'Hiking');
insert into venueInterestLink (venueName, interestName) values ('The Workman''s Clubs', 'Filmmaking');
insert into venueInterestLink (venueName, interestName) values ('The Workman''s Clubs', 'Cosplay');
insert into venueInterestLink (venueName, interestName) values ('The Workman''s Clubs', 'Playing music');
insert into venueInterestLink (venueName, interestName) values ('The Workman''s Clubs', 'Singing');
insert into venueInterestLink (venueName, interestName) values ('The Workman''s Clubs', 'Beat boxing');
insert into venueInterestLink (venueName, interestName) values ('The Workman''s Clubs', 'Ice skating');
insert into venueInterestLink (venueName, interestName) values ('The Workman''s Clubs', 'Wine tasting');
insert into venueInterestLink (venueName, interestName) values ('The Workman''s Clubs', 'Technology');
insert into venueInterestLink (venueName, interestName) values ('The Workman''s Clubs', 'Dancing');
insert into venueInterestLink (venueName, interestName) values ('The Workman''s Clubs', 'Meditation');
insert into venueInterestLink (venueName, interestName) values ('The Workman''s Clubs', 'History');
insert into venueInterestLink (venueName, interestName) values ('The Workman''s Clubs', 'Board games');
insert into venueInterestLink (venueName, interestName) values ('The Workman''s Clubs', 'Candle making');
insert into venueInterestLink (venueName, interestName) values ('The Workman''s Clubs', 'Archery');
insert into venueInterestLink (venueName, interestName) values ('The Workman''s Clubs', 'Knitting');
insert into venueInterestLink (venueName, interestName) values ('The Workman''s Clubs', 'DIY');
insert into venueInterestLink (venueName, interestName) values ('The George', 'Fashion');
insert into venueInterestLink (venueName, interestName) values ('The George', 'Paragliding');
insert into venueInterestLink (venueName, interestName) values ('The George', 'Photography');
insert into venueInterestLink (venueName, interestName) values ('The George', 'Organising');
insert into venueInterestLink (venueName, interestName) values ('The George', 'Snorkeling');
insert into venueInterestLink (venueName, interestName) values ('The George', 'Reading');
insert into venueInterestLink (venueName, interestName) values ('The George', 'Food');
insert into venueInterestLink (venueName, interestName) values ('The George', 'Sewing');
insert into venueInterestLink (venueName, interestName) values ('The George', 'Partying');
insert into venueInterestLink (venueName, interestName) values ('The George', 'Cosplay');
insert into venueInterestLink (venueName, interestName) values ('The George', 'Playing music');
insert into venueInterestLink (venueName, interestName) values ('The George', 'Netflix');
insert into venueInterestLink (venueName, interestName) values ('The George', 'DIY');
insert into venueInterestLink (venueName, interestName) values ('The George', 'History');
insert into venueInterestLink (venueName, interestName) values ('The George', 'Candle making');
insert into venueInterestLink (venueName, interestName) values ('The George', 'Movies');
insert into venueInterestLink (venueName, interestName) values ('The George', 'Coding');
insert into venueInterestLink (venueName, interestName) values ('The George', 'Sudoku');
insert into venueInterestLink (venueName, interestName) values ('The George', 'Vlogging');
insert into venueInterestLink (venueName, interestName) values ('The George', 'Programming');
insert into venueInterestLink (venueName, interestName) values ('Everleigh Garden', 'Beat boxing');
insert into venueInterestLink (venueName, interestName) values ('Everleigh Garden', 'Fencing');
insert into venueInterestLink (venueName, interestName) values ('Everleigh Garden', 'Fashion');
insert into venueInterestLink (venueName, interestName) values ('Everleigh Garden', 'Singing');
insert into venueInterestLink (venueName, interestName) values ('Everleigh Garden', 'History');
insert into venueInterestLink (venueName, interestName) values ('Everleigh Garden', 'Colouring');
insert into venueInterestLink (venueName, interestName) values ('Everleigh Garden', 'Architecture');
insert into venueInterestLink (venueName, interestName) values ('Everleigh Garden', 'Pilates');
insert into venueInterestLink (venueName, interestName) values ('Everleigh Garden', 'Movies');
insert into venueInterestLink (venueName, interestName) values ('Everleigh Garden', 'Karate');
insert into venueInterestLink (venueName, interestName) values ('Everleigh Garden', 'Paragliding');
insert into venueInterestLink (venueName, interestName) values ('Everleigh Garden', 'Netflix');
insert into venueInterestLink (venueName, interestName) values ('Everleigh Garden', 'Technology');
insert into venueInterestLink (venueName, interestName) values ('Everleigh Garden', 'Archery');
insert into venueInterestLink (venueName, interestName) values ('Everleigh Garden', 'Board games');
insert into venueInterestLink (venueName, interestName) values ('Everleigh Garden', 'Zumba');
insert into venueInterestLink (venueName, interestName) values ('Everleigh Garden', 'Cooking');
insert into venueInterestLink (venueName, interestName) values ('Everleigh Garden', 'Racing');
insert into venueInterestLink (venueName, interestName) values ('Everleigh Garden', 'Yoga');
insert into venueInterestLink (venueName, interestName) values ('Everleigh Garden', 'Mapping');
insert into venueInterestLink (venueName, interestName) values ('Opium', 'Beat boxing');
insert into venueInterestLink (venueName, interestName) values ('Opium', 'Beekeeping');
insert into venueInterestLink (venueName, interestName) values ('Opium', 'Netflix');
insert into venueInterestLink (venueName, interestName) values ('Opium', 'Orienteering');
insert into venueInterestLink (venueName, interestName) values ('Opium', 'Archery');
insert into venueInterestLink (venueName, interestName) values ('Opium', 'Blogging');
insert into venueInterestLink (venueName, interestName) values ('Opium', 'Coding');
insert into venueInterestLink (venueName, interestName) values ('Opium', 'Wine tasting');
insert into venueInterestLink (venueName, interestName) values ('Opium', 'Camping');
insert into venueInterestLink (venueName, interestName) values ('Opium', 'Filmmaking');
insert into venueInterestLink (venueName, interestName) values ('Opium', 'Pilates');
insert into venueInterestLink (venueName, interestName) values ('Opium', 'Yoga');
insert into venueInterestLink (venueName, interestName) values ('Opium', 'Chess');
insert into venueInterestLink (venueName, interestName) values ('Opium', 'Reading');
insert into venueInterestLink (venueName, interestName) values ('Opium', 'Graphic Design');
insert into venueInterestLink (venueName, interestName) values ('Opium', 'Sudoku');
insert into venueInterestLink (venueName, interestName) values ('Opium', 'Vlogging');
insert into venueInterestLink (venueName, interestName) values ('Opium', 'Biology');
insert into venueInterestLink (venueName, interestName) values ('Opium', 'Painting');
insert into venueInterestLink (venueName, interestName) values ('Opium', 'DIY');